{
  "prompt": "a blue car on a highway",
  "negative_prompt": "",
  "scores": [
    0.9936493635177612,
    0.5097470283508301,
    0.9866071343421936,
    -0.9999194145202637,
    -0.35822793841362,
    -0.9779924154281616,
    0.9413436055183411,
    0.5544628500938416
  ],
  "order": [
    0,
    2,
    6,
    7,
    1,
    4,
    5,
    3
  ],
  "height": 512,
  "width": 512,
  "steps": 30,
  "scale": 7.0,
  "seed": 42
}